<application>
  <component name="CodotaSettings">
    <option name="methodCompletionsPercentageSet" value="true" />
    <option name="id" value="433aa513-8351-4084-808f-dbc654c94fb5" />
    <option name="wasRunBefore" value="true" />
    <option name="firstRun" value="1569246875752" />
    <option name="generation" value="49" />
    <option name="updateGeneration" value="1" />
    <option name="isMethodCompletionsPercentageActive" value="true" />
    <option name="isMethodCompletionsPercentageSet" value="true" />
  </component>
</application>